case,variant,scenario,mode,repetition,Rprofmem_bytes,retained_vector_delta_bytes,released_vector_delta_bytes,retained_header_delta_cells,released_header_delta_cells,peak_RSS_bytes
numeric-n1000-p8,current,load,allocation,1,500816,,,,,
numeric-n1000-p8,current,load,retained,1,,740704,597032,42696,42631,130203648
numeric-n1000-p8,current,load,retained,2,,740704,597032,42696,42631,129990656
numeric-n1000-p8,current,load,retained,3,,740704,597032,42696,42631,130072576
numeric-n1000-p8,current,first_value,allocation,1,500816,,,,,
numeric-n1000-p8,current,first_value,retained,1,,784720,640976,45207,45133,130121728
numeric-n1000-p8,current,first_value,retained,2,,784720,640976,45207,45133,130121728
numeric-n1000-p8,current,first_value,retained,3,,784720,640976,45207,45133,130236416
numeric-n1000-p8,current,fraction,allocation,1,877872,,,,,
numeric-n1000-p8,current,fraction,retained,1,,994640,810952,54672,54604,130580480
numeric-n1000-p8,current,fraction,retained,2,,994640,810952,54672,54604,130531328
numeric-n1000-p8,current,fraction,retained,3,,994640,810952,54672,54604,130482176
numeric-n1000-p8,current,known5_fraction,allocation,1,771816,,,,,
numeric-n1000-p8,current,known5_fraction,retained,1,,1230296,1103032,74737,74732,131055616
numeric-n1000-p8,current,known5_fraction,retained,2,,1230296,1103032,74737,74732,131121152
numeric-n1000-p8,current,known5_fraction,retained,3,,1230296,1103032,74737,74732,131366912
numeric-n1000-p8,current,all,allocation,1,500816,,,,,
numeric-n1000-p8,current,all,retained,1,,742360,598624,42741,42674,130301952
numeric-n1000-p8,current,all,retained,2,,742360,598624,42741,42674,130252800
numeric-n1000-p8,current,all,retained,3,,742360,598624,42741,42674,130220032
numeric-n1000-p8,current,datasig,allocation,1,485616,,,,,
numeric-n1000-p8,current,datasig,retained,1,,951336,807632,54119,54052,131825664
numeric-n1000-p8,current,datasig,retained,2,,951336,807632,54119,54052,131219456
numeric-n1000-p8,current,datasig,retained,3,,951336,807632,54119,54052,130990080
numeric-n1000-p8,direct,load,allocation,1,500816,,,,,
numeric-n1000-p8,direct,load,retained,1,,629776,487840,36636,36670,130023424
numeric-n1000-p8,direct,load,retained,2,,629776,487840,36636,36670,130170880
numeric-n1000-p8,direct,load,retained,3,,629776,487840,36636,36670,129990656
numeric-n1000-p8,direct,first_value,allocation,1,500816,,,,,
numeric-n1000-p8,direct,first_value,retained,1,,678440,534696,39415,39341,130105344
numeric-n1000-p8,direct,first_value,retained,2,,678440,534696,39415,39341,130154496
numeric-n1000-p8,direct,first_value,retained,3,,678440,534696,39394,39320,130105344
numeric-n1000-p8,direct,fraction,allocation,1,877872,,,,,
numeric-n1000-p8,direct,fraction,retained,1,,955552,771864,52484,52416,130449408
numeric-n1000-p8,direct,fraction,retained,2,,955552,771864,52484,52416,130514944
numeric-n1000-p8,direct,fraction,retained,3,,955552,771864,52484,52416,130547712
numeric-n1000-p8,direct,known5_fraction,allocation,1,771816,,,,,
numeric-n1000-p8,direct,known5_fraction,retained,1,,1192120,1064856,72614,72609,131072000
numeric-n1000-p8,direct,known5_fraction,retained,2,,1192120,1064856,72614,72609,131252224
numeric-n1000-p8,direct,known5_fraction,retained,3,,1192120,1064856,72614,72609,130924544
numeric-n1000-p8,direct,all,allocation,1,500816,,,,,
numeric-n1000-p8,direct,all,retained,1,,638664,494928,37113,37046,130039808
numeric-n1000-p8,direct,all,retained,2,,638664,494928,37113,37046,130121728
numeric-n1000-p8,direct,all,retained,3,,638664,494928,37113,37046,130072576
numeric-n1000-p8,direct,datasig,allocation,1,485616,,,,,
numeric-n1000-p8,direct,datasig,retained,1,,841368,698552,48126,48112,130891776
numeric-n1000-p8,direct,datasig,retained,2,,841368,698552,48126,48112,131022848
numeric-n1000-p8,direct,datasig,retained,3,,841368,698552,48126,48112,130908160
numeric-n10000-p128,direct,load,allocation,1,10698544,,,,,
numeric-n10000-p128,direct,load,retained,1,,10821136,487840,38316,36670,149553152
numeric-n10000-p128,direct,load,retained,2,,10821136,487840,38316,36670,149684224
numeric-n10000-p128,direct,load,retained,3,,10821136,487840,38316,36670,152043520
numeric-n10000-p128,direct,first_value,allocation,1,10698544,,,,,
numeric-n10000-p128,direct,first_value,retained,1,,10869800,534696,41095,39341,149585920
numeric-n10000-p128,direct,first_value,retained,2,,10869800,534696,41095,39341,149553152
numeric-n10000-p128,direct,first_value,retained,3,,10869800,534696,41095,39341,149585920
numeric-n10000-p128,direct,fraction,allocation,1,11753304,,,,,
numeric-n10000-p128,direct,fraction,retained,1,,11147816,772664,54173,52425,150913024
numeric-n10000-p128,direct,fraction,retained,2,,11147816,772664,54177,52429,150880256
numeric-n10000-p128,direct,fraction,retained,3,,11147816,772664,54177,52429,151011328
numeric-n10000-p128,direct,known5_fraction,allocation,1,2025768,,,,,
numeric-n10000-p128,direct,known5_fraction,retained,1,,1745744,1065656,72945,72862,140165120
numeric-n10000-p128,direct,known5_fraction,retained,2,,1745744,1065656,72945,72862,140214272
numeric-n10000-p128,direct,known5_fraction,retained,3,,1745744,1065656,72945,72862,140345344
numeric-n10000-p128,direct,all,allocation,1,10699616,,,,,
numeric-n10000-p128,direct,all,retained,1,,10830984,494928,38793,37046,149536768
numeric-n10000-p128,direct,all,retained,2,,10830984,494928,38793,37046,149569536
numeric-n10000-p128,direct,all,retained,3,,10830984,494928,38793,37046,149618688
numeric-n10000-p128,direct,datasig,allocation,1,10717752,,,,,
numeric-n10000-p128,direct,datasig,retained,1,,11032728,698552,49806,48112,161267712
numeric-n10000-p128,direct,datasig,retained,2,,11032728,698552,49806,48112,161333248
numeric-n10000-p128,direct,datasig,retained,3,,11032728,698552,49806,48112,161316864
numeric-n10000-p128,current,load,allocation,1,10713448,,,,,
numeric-n10000-p128,current,load,retained,1,,10932064,597032,44376,42631,149782528
numeric-n10000-p128,current,load,retained,2,,10932064,597032,44376,42631,149848064
numeric-n10000-p128,current,load,retained,3,,10932064,597032,44376,42631,149749760
numeric-n10000-p128,current,first_value,allocation,1,10713448,,,,,
numeric-n10000-p128,current,first_value,retained,1,,10976080,640976,46887,45133,149880832
numeric-n10000-p128,current,first_value,retained,2,,10976080,640976,46887,45133,149782528
numeric-n10000-p128,current,first_value,retained,3,,10976080,640976,46887,45133,149831680
numeric-n10000-p128,current,fraction,allocation,1,11768208,,,,,
numeric-n10000-p128,current,fraction,retained,1,,11186904,811752,56365,54617,151060480
numeric-n10000-p128,current,fraction,retained,2,,11186904,811752,56365,54617,151076864
numeric-n10000-p128,current,fraction,retained,3,,11186904,811752,56365,54617,151076864
numeric-n10000-p128,current,known5_fraction,allocation,1,2025768,,,,,
numeric-n10000-p128,current,known5_fraction,retained,1,,1783920,1103832,75068,74985,140492800
numeric-n10000-p128,current,known5_fraction,retained,2,,1783920,1103832,75068,74985,140378112
numeric-n10000-p128,current,known5_fraction,retained,3,,1783920,1103832,75068,74985,140361728
numeric-n10000-p128,current,all,allocation,1,10714520,,,,,
numeric-n10000-p128,current,all,retained,1,,10934680,598624,44421,42674,149798912
numeric-n10000-p128,current,all,retained,2,,10934680,598624,44421,42674,149848064
numeric-n10000-p128,current,all,retained,3,,10934680,598624,44421,42674,149782528
numeric-n10000-p128,current,datasig,allocation,1,10732656,,,,,
numeric-n10000-p128,current,datasig,retained,1,,11142696,807632,55799,54052,161497088
numeric-n10000-p128,current,datasig,retained,2,,11142696,807632,55799,54052,161202176
numeric-n10000-p128,current,datasig,retained,3,,11142696,807632,55799,54052,161251328
numeric-n1000-p1024,current,load,allocation,1,8916472,,,,,
numeric-n1000-p1024,current,load,retained,1,,8998752,597032,56920,42631,148668416
numeric-n1000-p1024,current,load,retained,2,,8998752,597032,56920,42631,148684800
numeric-n1000-p1024,current,load,retained,3,,8998752,597032,56920,42631,148439040
numeric-n1000-p1024,current,first_value,allocation,1,8916472,,,,,
numeric-n1000-p1024,current,first_value,retained,1,,9042728,640976,59428,45133,148865024
numeric-n1000-p1024,current,first_value,retained,2,,9042728,640976,59428,45133,148930560
numeric-n1000-p1024,current,first_value,retained,3,,9042728,640976,59428,45133,148471808
numeric-n1000-p1024,current,fraction,allocation,1,9660232,,,,,
numeric-n1000-p1024,current,fraction,retained,1,,9254264,811752,68906,54617,149061632
numeric-n1000-p1024,current,fraction,retained,2,,9254264,811752,68906,54617,149159936
numeric-n1000-p1024,current,fraction,retained,3,,9254264,811752,68906,54617,149291008
numeric-n1000-p1024,current,known5_fraction,allocation,1,1741472,,,,,
numeric-n1000-p1024,current,known5_fraction,retained,1,,1646032,1103832,77445,76777,141000704
numeric-n1000-p1024,current,known5_fraction,retained,2,,1646032,1103832,77445,76777,140886016
numeric-n1000-p1024,current,known5_fraction,retained,3,,1646032,1103832,77445,76777,140754944
numeric-n1000-p1024,current,all,allocation,1,8924712,,,,,
numeric-n1000-p1024,current,all,retained,1,,9008496,598624,56962,42674,148357120
numeric-n1000-p1024,current,all,retained,2,,9008496,598624,56962,42674,148783104
numeric-n1000-p1024,current,all,retained,3,,9008496,598624,56962,42674,148815872
numeric-n1000-p1024,current,datasig,allocation,1,9182976,,,,,
numeric-n1000-p1024,current,datasig,retained,1,,9209344,807632,68340,54052,160595968
numeric-n1000-p1024,current,datasig,retained,2,,9209344,807632,68340,54052,160677888
numeric-n1000-p1024,current,datasig,retained,3,,9209344,807632,68340,54052,160399360
numeric-n1000-p1024,direct,load,allocation,1,8801072,,,,,
numeric-n1000-p1024,direct,load,retained,1,,8887824,487840,50860,36670,147488768
numeric-n1000-p1024,direct,load,retained,2,,8887824,487840,50860,36670,147030016
numeric-n1000-p1024,direct,load,retained,3,,8887824,487840,50860,36670,147439616
numeric-n1000-p1024,direct,first_value,allocation,1,8801072,,,,,
numeric-n1000-p1024,direct,first_value,retained,1,,8936488,534696,53639,39341,147652608
numeric-n1000-p1024,direct,first_value,retained,2,,8936488,534696,53639,39341,147275776
numeric-n1000-p1024,direct,first_value,retained,3,,8936488,534696,53639,39341,147095552
numeric-n1000-p1024,direct,fraction,allocation,1,9544832,,,,,
numeric-n1000-p1024,direct,fraction,retained,1,,9215216,772664,66721,52429,148226048
numeric-n1000-p1024,direct,fraction,retained,2,,9215216,772664,66721,52429,147783680
numeric-n1000-p1024,direct,fraction,retained,3,,9215216,772664,66721,52429,148258816
numeric-n1000-p1024,direct,known5_fraction,allocation,1,1733256,,,,,
numeric-n1000-p1024,direct,known5_fraction,retained,1,,1607856,1065656,75322,74654,140869632
numeric-n1000-p1024,direct,known5_fraction,retained,2,,1607856,1065656,75322,74654,140820480
numeric-n1000-p1024,direct,known5_fraction,retained,3,,1607856,1065656,75322,74654,140820480
numeric-n1000-p1024,direct,all,allocation,1,8809312,,,,,
numeric-n1000-p1024,direct,all,retained,1,,8904840,494928,51337,37046,147390464
numeric-n1000-p1024,direct,all,retained,2,,8904840,494928,51337,37046,147259392
numeric-n1000-p1024,direct,all,retained,3,,8904840,494928,51337,37046,150159360
numeric-n1000-p1024,direct,datasig,allocation,1,9067576,,,,,
numeric-n1000-p1024,direct,datasig,retained,1,,9099376,698552,62347,48112,160219136
numeric-n1000-p1024,direct,datasig,retained,2,,9099376,698552,62347,48112,160399360
numeric-n1000-p1024,direct,datasig,retained,3,,9099376,698552,62347,48112,160235520
mixed-n10000-p128,direct,load,allocation,1,4477536,,,,,
mixed-n10000-p128,direct,load,retained,1,,4606152,2836216,38518,37185,142376960
mixed-n10000-p128,direct,load,retained,2,,4606152,2836216,38518,37185,142524416
mixed-n10000-p128,direct,load,retained,3,,4606152,2836216,38518,37185,142524416
mixed-n10000-p128,direct,first_value,allocation,1,4477536,,,,,
mixed-n10000-p128,direct,first_value,retained,1,,4647432,2875736,40852,39415,142393344
mixed-n10000-p128,direct,first_value,retained,2,,4647432,2875736,40852,39415,142671872
mixed-n10000-p128,direct,first_value,retained,3,,4647432,2875736,40852,39415,142721024
mixed-n10000-p128,direct,fraction,allocation,1,5376040,,,,,
mixed-n10000-p128,direct,fraction,retained,1,,5025912,3144936,55778,54313,144015360
mixed-n10000-p128,direct,fraction,retained,2,,5025912,3144936,55778,54313,144015360
mixed-n10000-p128,direct,fraction,retained,3,,5025912,3144936,55778,54313,144064512
mixed-n10000-p128,direct,known5_fraction,allocation,1,1509464,,,,,
mixed-n10000-p128,direct,known5_fraction,retained,1,,1480416,1211296,74439,74339,140115968
mixed-n10000-p128,direct,known5_fraction,retained,2,,1480416,1211296,74439,74339,140034048
mixed-n10000-p128,direct,known5_fraction,retained,3,,1480416,1211296,74439,74339,140132352
mixed-n10000-p128,direct,all,allocation,1,5319616,,,,,
mixed-n10000-p128,direct,all,retained,1,,4621472,2848776,39176,37742,143589376
mixed-n10000-p128,direct,all,retained,2,,4621472,2848776,39176,37742,143654912
mixed-n10000-p128,direct,all,retained,3,,4621472,2848776,39176,37742,143605760
mixed-n10000-p128,direct,datasig,allocation,1,4496744,,,,,
mixed-n10000-p128,direct,datasig,retained,1,,4822912,3051304,50302,48864,151552000
mixed-n10000-p128,direct,datasig,retained,2,,4822912,3051304,50302,48864,152502272
mixed-n10000-p128,direct,datasig,retained,3,,4822912,3051304,50302,48864,151633920
mixed-n10000-p128,current,load,allocation,1,4492440,,,,,
mixed-n10000-p128,current,load,retained,1,,4722448,2950776,44894,43462,142737408
mixed-n10000-p128,current,load,retained,2,,4722448,2950776,44894,43462,142786560
mixed-n10000-p128,current,load,retained,3,,4722448,2950776,44894,43462,142835712
mixed-n10000-p128,current,first_value,allocation,1,4492440,,,,,
mixed-n10000-p128,current,first_value,retained,1,,4759080,2987384,46960,45523,142753792
mixed-n10000-p128,current,first_value,retained,2,,4759080,2987384,46960,45523,142786560
mixed-n10000-p128,current,first_value,retained,3,,4759080,2987384,46960,45523,142999552
mixed-n10000-p128,current,fraction,allocation,1,5390944,,,,,
mixed-n10000-p128,current,fraction,retained,1,,5065000,3184024,57966,56501,144162816
mixed-n10000-p128,current,fraction,retained,2,,5065000,3184024,57966,56501,144179200
mixed-n10000-p128,current,fraction,retained,3,,5065000,3184024,57966,56501,144162816
mixed-n10000-p128,current,known5_fraction,allocation,1,1509464,,,,,
mixed-n10000-p128,current,known5_fraction,retained,1,,1518592,1249472,76562,76462,140181504
mixed-n10000-p128,current,known5_fraction,retained,2,,1518592,1249472,76562,76462,140099584
mixed-n10000-p128,current,known5_fraction,retained,3,,1518592,1249472,76562,76462,140001280
mixed-n10000-p128,current,all,allocation,1,5334520,,,,,
mixed-n10000-p128,current,all,retained,1,,4730536,2957840,45120,43686,143785984
mixed-n10000-p128,current,all,retained,2,,4730536,2957840,45120,43686,143720448
mixed-n10000-p128,current,all,retained,3,,4730536,2957840,45120,43686,143704064
mixed-n10000-p128,current,datasig,allocation,1,4511648,,,,,
mixed-n10000-p128,current,datasig,retained,1,,4937864,3165368,56576,55085,151912448
mixed-n10000-p128,current,datasig,retained,2,,4937864,3165368,56576,55085,151846912
mixed-n10000-p128,current,datasig,retained,3,,4937864,3165368,56576,55085,151846912
short_low-n10000-p128,current,load,allocation,1,467304,,,,,
short_low-n10000-p128,current,load,retained,1,,714360,623416,44763,43401,152371200
short_low-n10000-p128,current,load,retained,2,,714360,623416,44763,43401,152485888
short_low-n10000-p128,current,load,retained,3,,714360,623416,44763,43401,152322048
short_low-n10000-p128,current,first_value,allocation,1,438696,,,,,
short_low-n10000-p128,current,first_value,retained,1,,731568,640584,45665,44295,152584192
short_low-n10000-p128,current,first_value,retained,2,,731568,640584,45665,44295,152322048
short_low-n10000-p128,current,first_value,retained,3,,731568,640584,45665,44295,152567808
short_low-n10000-p128,current,fraction,allocation,1,1781320,,,,,
short_low-n10000-p128,current,fraction,retained,1,,1018368,884488,59639,58166,154058752
short_low-n10000-p128,current,fraction,retained,2,,1018368,884488,59639,58166,154206208
short_low-n10000-p128,current,fraction,retained,3,,1018368,884488,59639,58166,154435584
short_low-n10000-p128,current,known5_fraction,allocation,1,1724688,,,,,
short_low-n10000-p128,current,known5_fraction,retained,1,,1278888,1156200,78215,78044,140705792
short_low-n10000-p128,current,known5_fraction,retained,2,,1278888,1156200,78215,78044,140656640
short_low-n10000-p128,current,known5_fraction,retained,3,,1278888,1156200,78215,78044,140771328
short_low-n10000-p128,current,all,allocation,1,5594520,,,,,
short_low-n10000-p128,current,all,retained,1,,749520,657552,45836,44472,158662656
short_low-n10000-p128,current,all,retained,2,,749520,657552,45836,44472,158646272
short_low-n10000-p128,current,all,retained,3,,749520,657552,45836,44472,158547968
short_low-n10000-p128,current,datasig,allocation,1,486512,,,,,
short_low-n10000-p128,current,datasig,retained,1,,920648,824544,56065,54316,183156736
short_low-n10000-p128,current,datasig,retained,2,,920648,824544,56065,54316,183205888
short_low-n10000-p128,current,datasig,retained,3,,920648,824544,56065,54316,183320576
short_low-n10000-p128,direct,load,allocation,1,452400,,,,,
short_low-n10000-p128,direct,load,retained,1,,598336,509128,38429,37166,152109056
short_low-n10000-p128,direct,load,retained,2,,598336,509128,38429,37166,152174592
short_low-n10000-p128,direct,load,retained,3,,598336,509128,38429,37166,152027136
short_low-n10000-p128,direct,first_value,allocation,1,423792,,,,,
short_low-n10000-p128,direct,first_value,retained,1,,620192,529208,39597,38227,152141824
short_low-n10000-p128,direct,first_value,retained,2,,620192,529208,39597,38227,152141824
short_low-n10000-p128,direct,first_value,retained,3,,620192,529208,39597,38227,152403968
short_low-n10000-p128,direct,fraction,allocation,1,1766416,,,,,
short_low-n10000-p128,direct,fraction,retained,1,,979280,845400,57451,55978,153911296
short_low-n10000-p128,direct,fraction,retained,2,,979280,845400,57451,55978,154140672
short_low-n10000-p128,direct,fraction,retained,3,,979280,845400,57451,55978,154025984
short_low-n10000-p128,direct,known5_fraction,allocation,1,1724688,,,,,
short_low-n10000-p128,direct,known5_fraction,retained,1,,1240712,1118024,76092,75921,140787712
short_low-n10000-p128,direct,known5_fraction,retained,2,,1240712,1118024,76092,75921,140705792
short_low-n10000-p128,direct,known5_fraction,retained,3,,1240712,1118024,76092,75921,140705792
short_low-n10000-p128,direct,all,allocation,1,5579616,,,,,
short_low-n10000-p128,direct,all,retained,1,,640728,548760,39934,38570,158449664
short_low-n10000-p128,direct,all,retained,2,,640728,548760,39934,38570,158564352
short_low-n10000-p128,direct,all,retained,3,,640728,548760,39934,38570,158384128
short_low-n10000-p128,direct,datasig,allocation,1,471608,,,,,
short_low-n10000-p128,direct,datasig,retained,1,,805856,710640,49812,48116,183042048
short_low-n10000-p128,direct,datasig,retained,2,,805856,710640,49812,48116,183173120
short_low-n10000-p128,direct,datasig,retained,3,,805856,710640,49812,48116,182894592
short_high-n10000-p128,direct,load,allocation,1,10609456,,,,,
short_high-n10000-p128,direct,load,retained,1,,10732864,10643656,38429,37166,313147392
short_high-n10000-p128,direct,load,retained,2,,10732864,10643656,38429,37166,311345152
short_high-n10000-p128,direct,load,retained,3,,10732864,10643656,38429,37166,312934400
short_high-n10000-p128,direct,first_value,allocation,1,10580848,,,,,
short_high-n10000-p128,direct,first_value,retained,1,,10754720,10663736,39597,38227,312557568
short_high-n10000-p128,direct,first_value,retained,2,,10754720,10663736,39597,38227,311230464
short_high-n10000-p128,direct,first_value,retained,3,,10754720,10663736,39597,38227,311296000
short_high-n10000-p128,direct,fraction,allocation,1,14085528,,,,,
short_high-n10000-p128,direct,fraction,retained,1,,12380848,11296856,67355,65882,339656704
short_high-n10000-p128,direct,fraction,retained,2,,12380848,11296856,67355,65882,339312640
short_high-n10000-p128,direct,fraction,retained,3,,12380848,11296856,67355,65882,338739200
short_high-n10000-p128,direct,known5_fraction,allocation,1,4442208,,,,,
short_high-n10000-p128,direct,known5_fraction,retained,1,,3061984,1989184,85996,85825,176701440
short_high-n10000-p128,direct,known5_fraction,retained,2,,3061984,1989184,85996,85825,176963584
short_high-n10000-p128,direct,known5_fraction,retained,3,,3061984,1989184,85996,85825,176668672
short_high-n10000-p128,direct,all,allocation,1,15736672,,,,,
short_high-n10000-p128,direct,all,retained,1,,59206320,59114392,1307643,1306282,404619264
short_high-n10000-p128,direct,all,retained,2,,59206320,59114392,1307643,1306282,405667840
short_high-n10000-p128,direct,all,retained,3,,59206320,59114392,1307643,1306282,405487616
short_high-n10000-p128,direct,datasig,allocation,1,10628664,,,,,
short_high-n10000-p128,direct,datasig,retained,1,,10940384,10845168,49812,48116,340180992
short_high-n10000-p128,direct,datasig,retained,2,,10940384,10845168,49812,48116,340443136
short_high-n10000-p128,direct,datasig,retained,3,,10940384,10845168,49812,48116,340443136
short_high-n10000-p128,current,load,allocation,1,10624360,,,,,
short_high-n10000-p128,current,load,retained,1,,10848888,10757944,44763,43401,312180736
short_high-n10000-p128,current,load,retained,2,,10848888,10757944,44763,43401,313131008
short_high-n10000-p128,current,load,retained,3,,10848888,10757944,44763,43401,310706176
short_high-n10000-p128,current,first_value,allocation,1,10595752,,,,,
short_high-n10000-p128,current,first_value,retained,1,,10866096,10775112,45665,44295,312180736
short_high-n10000-p128,current,first_value,retained,2,,10866096,10775112,45665,44295,313638912
short_high-n10000-p128,current,first_value,retained,3,,10866096,10775112,45665,44295,311771136
short_high-n10000-p128,current,fraction,allocation,1,14100432,,,,,
short_high-n10000-p128,current,fraction,retained,1,,12419936,11335944,69543,68070,340410368
short_high-n10000-p128,current,fraction,retained,2,,12419936,11335944,69543,68070,341377024
short_high-n10000-p128,current,fraction,retained,3,,12419936,11335944,69543,68070,340049920
short_high-n10000-p128,current,known5_fraction,allocation,1,4442208,,,,,
short_high-n10000-p128,current,known5_fraction,retained,1,,3100160,2027360,88119,87948,177029120
short_high-n10000-p128,current,known5_fraction,retained,2,,3100160,2027360,88119,87948,176979968
short_high-n10000-p128,current,known5_fraction,retained,3,,3100160,2027360,88119,87948,176832512
short_high-n10000-p128,current,all,allocation,1,15751576,,,,,
short_high-n10000-p128,current,all,retained,1,,59315112,59223184,1313545,1312184,405028864
short_high-n10000-p128,current,all,retained,2,,59315112,59223184,1313545,1312184,406355968
short_high-n10000-p128,current,all,retained,3,,59315112,59223184,1313545,1312184,406257664
short_high-n10000-p128,current,datasig,allocation,1,10643568,,,,,
short_high-n10000-p128,current,datasig,retained,1,,11055176,10959072,56065,54316,340492288
short_high-n10000-p128,current,datasig,retained,2,,11055176,10959072,56065,54316,340885504
short_high-n10000-p128,current,datasig,retained,3,,11055176,10959072,56065,54316,340492288
strl_low-n10000-p32,current,load,allocation,1,446264,,,,,
strl_low-n10000-p32,current,load,retained,1,,689008,607288,43322,43017,142721024
strl_low-n10000-p32,current,load,retained,2,,689008,607288,43322,43017,142688256
strl_low-n10000-p32,current,load,retained,3,,689008,607288,43322,43017,142622720
strl_low-n10000-p32,current,first_value,allocation,1,417656,,,,,
strl_low-n10000-p32,current,first_value,retained,1,,709536,627776,44224,43911,142655488
strl_low-n10000-p32,current,first_value,retained,2,,709536,627776,44224,43911,145211392
strl_low-n10000-p32,current,first_value,retained,3,,709536,627776,44224,43911,142671872
strl_low-n10000-p32,current,fraction,allocation,1,1630080,,,,,
strl_low-n10000-p32,current,fraction,retained,1,,1019088,894920,58168,57782,143507456
strl_low-n10000-p32,current,fraction,retained,2,,1019088,894920,58168,57782,143769600
strl_low-n10000-p32,current,fraction,retained,3,,1019088,894920,58168,57782,143572992
strl_low-n10000-p32,current,known5_fraction,allocation,1,1574040,,,,,
strl_low-n10000-p32,current,known5_fraction,retained,1,,1303672,1181920,77922,77832,134955008
strl_low-n10000-p32,current,known5_fraction,retained,2,,1303672,1181920,77922,77832,135135232
strl_low-n10000-p32,current,known5_fraction,retained,3,,1303672,1181920,77922,77832,135069696
strl_low-n10000-p32,current,all,allocation,1,1728408,,,,,
strl_low-n10000-p32,current,all,retained,1,,1548744,1466768,43627,43320,143802368
strl_low-n10000-p32,current,all,retained,2,,1548744,1466768,43627,43320,143884288
strl_low-n10000-p32,current,all,retained,3,,1548744,1466768,43627,43320,143687680
strl_low-n10000-p32,current,datasig,allocation,1,438784,,,,,
strl_low-n10000-p32,current,datasig,retained,1,,891456,808416,54336,53932,1205141504
strl_low-n10000-p32,current,datasig,retained,2,,891456,808416,54336,53932,1205141504
strl_low-n10000-p32,current,datasig,retained,3,,891456,808416,54336,53932,1205141504
strl_low-n10000-p32,direct,load,allocation,1,442176,,,,,
strl_low-n10000-p32,direct,load,retained,1,,572992,493000,36989,36782,142508032
strl_low-n10000-p32,direct,load,retained,2,,572992,493000,36989,36782,142655488
strl_low-n10000-p32,direct,load,retained,3,,572992,493000,36989,36782,142671872
strl_low-n10000-p32,direct,first_value,allocation,1,413568,,,,,
strl_low-n10000-p32,direct,first_value,retained,1,,598168,516400,38157,37843,143097856
strl_low-n10000-p32,direct,first_value,retained,2,,598168,516400,38157,37843,142671872
strl_low-n10000-p32,direct,first_value,retained,3,,598168,516400,38157,37843,142753792
strl_low-n10000-p32,direct,fraction,allocation,1,1625992,,,,,
strl_low-n10000-p32,direct,fraction,retained,1,,980000,855832,55980,55594,143458304
strl_low-n10000-p32,direct,fraction,retained,2,,980000,855832,55980,55594,143589376
strl_low-n10000-p32,direct,fraction,retained,3,,980000,855832,55980,55594,143409152
strl_low-n10000-p32,direct,known5_fraction,allocation,1,1574040,,,,,
strl_low-n10000-p32,direct,known5_fraction,retained,1,,1265496,1143744,75799,75709,134660096
strl_low-n10000-p32,direct,known5_fraction,retained,2,,1265496,1143744,75799,75709,134742016
strl_low-n10000-p32,direct,known5_fraction,retained,3,,1265496,1143744,75799,75709,134807552
strl_low-n10000-p32,direct,all,allocation,1,1724320,,,,,
strl_low-n10000-p32,direct,all,retained,1,,1439960,1357976,37726,37418,143556608
strl_low-n10000-p32,direct,all,retained,2,,1439960,1357976,37726,37418,143622144
strl_low-n10000-p32,direct,all,retained,3,,1439960,1357976,37726,37418,144506880
strl_low-n10000-p32,direct,datasig,allocation,1,434696,,,,,
strl_low-n10000-p32,direct,datasig,retained,1,,776664,694512,48083,47732,1205321728
strl_low-n10000-p32,direct,datasig,retained,2,,776664,694512,48083,47732,1205075968
strl_low-n10000-p32,direct,datasig,retained,3,,776664,694512,48083,47732,1205059584
strl_high-n10000-p32,direct,load,allocation,1,699968,,,,,
strl_high-n10000-p32,direct,load,retained,1,,825152,745160,36989,36782,414433280
strl_high-n10000-p32,direct,load,retained,2,,825152,745160,36989,36782,414466048
strl_high-n10000-p32,direct,load,retained,3,,825152,745160,36989,36782,414253056
strl_high-n10000-p32,direct,first_value,allocation,1,671360,,,,,
strl_high-n10000-p32,direct,first_value,retained,1,,850328,768560,38157,37843,414318592
strl_high-n10000-p32,direct,first_value,retained,2,,850328,768560,38157,37843,415858688
strl_high-n10000-p32,direct,first_value,retained,3,,850328,768560,38157,37843,414351360
strl_high-n10000-p32,direct,fraction,allocation,1,1915480,,,,,
strl_high-n10000-p32,direct,fraction,retained,1,,4683512,4429320,56732,56335,482820096
strl_high-n10000-p32,direct,fraction,retained,2,,4683512,4429320,56732,56335,482656256
strl_high-n10000-p32,direct,fraction,retained,3,,4683512,4429320,56732,56335,482754560
strl_high-n10000-p32,direct,known5_fraction,allocation,1,1621848,,,,,
strl_high-n10000-p32,direct,known5_fraction,retained,1,,4732608,4480832,76551,76450,221888512
strl_high-n10000-p32,direct,known5_fraction,retained,2,,4732608,4480832,76551,76450,221773824
strl_high-n10000-p32,direct,known5_fraction,retained,3,,4732608,4480832,76551,76450,221970432
strl_high-n10000-p32,direct,all,allocation,1,1982112,,,,,
strl_high-n10000-p32,direct,all,retained,1,,108098008,108016024,69470,69162,543899648
strl_high-n10000-p32,direct,all,retained,2,,108098008,108016024,69470,69162,545013760
strl_high-n10000-p32,direct,all,retained,3,,108098008,108016024,69470,69162,543981568
strl_high-n10000-p32,direct,datasig,allocation,1,692488,,,,,
strl_high-n10000-p32,direct,datasig,retained,1,,1028824,946672,48083,47732,1475002368
strl_high-n10000-p32,direct,datasig,retained,2,,1028824,946672,48083,47732,1474936832
strl_high-n10000-p32,direct,datasig,retained,3,,1028824,946672,48083,47732,1474920448
strl_high-n10000-p32,current,load,allocation,1,704056,,,,,
strl_high-n10000-p32,current,load,retained,1,,941168,859448,43322,43017,414449664
strl_high-n10000-p32,current,load,retained,2,,941168,859448,43322,43017,417005568
strl_high-n10000-p32,current,load,retained,3,,941168,859448,43322,43017,414400512
strl_high-n10000-p32,current,first_value,allocation,1,675448,,,,,
strl_high-n10000-p32,current,first_value,retained,1,,961696,879936,44224,43911,414531584
strl_high-n10000-p32,current,first_value,retained,2,,961696,879936,44224,43911,414285824
strl_high-n10000-p32,current,first_value,retained,3,,961696,879936,44224,43911,414384128
strl_high-n10000-p32,current,fraction,allocation,1,1919568,,,,,
strl_high-n10000-p32,current,fraction,retained,1,,4722600,4468408,58920,58523,482869248
strl_high-n10000-p32,current,fraction,retained,2,,4722600,4468408,58920,58523,482869248
strl_high-n10000-p32,current,fraction,retained,3,,4722600,4468408,58920,58523,482983936
strl_high-n10000-p32,current,known5_fraction,allocation,1,1621848,,,,,
strl_high-n10000-p32,current,known5_fraction,retained,1,,4770784,4519008,78674,78573,222019584
strl_high-n10000-p32,current,known5_fraction,retained,2,,4770784,4519008,78674,78573,221806592
strl_high-n10000-p32,current,known5_fraction,retained,3,,4770784,4519008,78674,78573,223477760
strl_high-n10000-p32,current,all,allocation,1,1986200,,,,,
strl_high-n10000-p32,current,all,retained,1,,108206792,108124816,75371,75064,543801344
strl_high-n10000-p32,current,all,retained,2,,108206792,108124816,75371,75064,543981568
strl_high-n10000-p32,current,all,retained,3,,108206792,108124816,75371,75064,414203904
strl_high-n10000-p32,current,datasig,allocation,1,696576,,,,,
strl_high-n10000-p32,current,datasig,retained,1,,1143616,1060576,54336,53932,1475002368
strl_high-n10000-p32,current,datasig,retained,2,,1143616,1060576,54336,53932,1475018752
strl_high-n10000-p32,current,datasig,retained,3,,1143616,1060576,54336,53932,1474871296
