case,family,rows,file_columns,loaded_columns,variant,scenario,n,median_ms,minimum_ms,maximum_ms
numeric-n1000-p8,numeric,1000,8,8,current,fraction,8,1.2232142857142858,1.2142857142857144,1.325892857142857
numeric-n1000-p8,numeric,1000,8,8,direct,fraction,8,1.0763888888888888,1.0694444444444444,1.1805555555555556
numeric-n1000-p8,numeric,1000,8,1,current,known5_fraction,8,1.2734375,1.2578125,1.3828125
numeric-n1000-p8,numeric,1000,8,1,direct,known5_fraction,8,1.154296875,1.1328125,1.21875
numeric-n1000-p8,numeric,1000,8,8,current,all,8,0.51171875,0.51171875,0.533203125
numeric-n1000-p8,numeric,1000,8,8,direct,all,8,0.3515625,0.345703125,0.373046875
numeric-n1000-p8,numeric,1000,8,8,current,datasig,8,1.15234375,1.1484375,1.2265625
numeric-n1000-p8,numeric,1000,8,8,direct,datasig,8,0.9875,0.96875,1.0562500000000001
numeric-n10000-p128,numeric,10000,128,128,current,fraction,8,4.890625,4.59375,5.15625
numeric-n10000-p128,numeric,10000,128,128,direct,fraction,8,3.8229166666666665,3.645833333333333,4.020833333333334
numeric-n10000-p128,numeric,10000,128,7,current,known5_fraction,8,2.3828125,2.328125,2.59375
numeric-n10000-p128,numeric,10000,128,7,direct,known5_fraction,8,2.20703125,2.171875,2.375
numeric-n10000-p128,numeric,10000,128,128,current,all,8,5.234374999999999,5.03125,5.5
numeric-n10000-p128,numeric,10000,128,128,direct,all,8,4.166666666666667,4.041666666666666,4.374999999999999
numeric-n10000-p128,numeric,10000,128,128,current,datasig,8,13.875,13.25,14.499999999999998
numeric-n10000-p128,numeric,10000,128,128,direct,datasig,8,12.769230769230768,12.23076923076923,13.384615384615383
mixed-n10000-p128,mixed,10000,128,128,current,fraction,8,6.296875,6.0,6.59375
mixed-n10000-p128,mixed,10000,128,128,direct,fraction,8,5.125,4.84375,5.3125
mixed-n10000-p128,mixed,10000,128,7,current,known5_fraction,8,2.984375,2.921875,3.25
mixed-n10000-p128,mixed,10000,128,7,direct,known5_fraction,8,2.8203125,2.78125,3.09375
mixed-n10000-p128,mixed,10000,128,128,current,all,8,8.078125,7.78125,8.1875
mixed-n10000-p128,mixed,10000,128,128,direct,all,8,6.828125,6.53125,7.0625
mixed-n10000-p128,mixed,10000,128,128,current,datasig,8,14.090909090909092,13.636363636363635,14.818181818181818
mixed-n10000-p128,mixed,10000,128,128,direct,datasig,8,12.75,12.583333333333334,13.583333333333334
short_low-n10000-p128,short_low,10000,128,128,current,fraction,8,11.3125,10.958333333333334,12.083333333333334
short_low-n10000-p128,short_low,10000,128,128,direct,fraction,8,9.3,9.133333333333333,10.0
short_low-n10000-p128,short_low,10000,128,7,current,known5_fraction,8,7.140625,7.03125,7.5625
short_low-n10000-p128,short_low,10000,128,7,direct,known5_fraction,8,7.015625,6.84375,7.34375
short_low-n10000-p128,short_low,10000,128,128,current,all,8,19.75,19.25,21.375
short_low-n10000-p128,short_low,10000,128,128,direct,all,8,18.125,17.8125,18.75
short_low-n10000-p128,short_low,10000,128,128,current,datasig,8,18.5625,18.3125,19.4375
short_low-n10000-p128,short_low,10000,128,128,direct,datasig,8,16.666666666666668,16.333333333333332,17.77777777777778
short_high-n10000-p128,short_high,10000,128,128,current,fraction,8,40.49999999999999,39.0,47.599999999999994
short_high-n10000-p128,short_high,10000,128,128,direct,fraction,8,40.99999999999999,35.5,43.166666666666664
short_high-n10000-p128,short_high,10000,128,7,current,known5_fraction,8,18.388888888888893,17.88888888888889,19.000000000000004
short_high-n10000-p128,short_high,10000,128,7,direct,known5_fraction,8,18.05,17.599999999999998,18.5
short_high-n10000-p128,short_high,10000,128,128,current,all,8,62.83333333333332,61.33333333333333,85.66666666666667
short_high-n10000-p128,short_high,10000,128,128,direct,all,8,58.666666666666664,57.33333333333333,82.33333333333333
short_high-n10000-p128,short_high,10000,128,128,current,datasig,8,39.800000000000004,36.0,41.6
short_high-n10000-p128,short_high,10000,128,128,direct,datasig,8,40.0,35.833333333333336,41.5
numeric-n1000-p1024,numeric,1000,1024,1024,current,fraction,8,18.88888888888889,18.000000000000004,20.0
numeric-n1000-p1024,numeric,1000,1024,1024,direct,fraction,8,11.535714285714285,10.928571428571429,12.071428571428571
numeric-n1000-p1024,numeric,1000,1024,52,current,known5_fraction,8,4.770833333333334,4.479166666666667,5.791666666666667
numeric-n1000-p1024,numeric,1000,1024,52,direct,known5_fraction,8,4.09375,4.020833333333334,4.333333333333333
numeric-n1000-p1024,numeric,1000,1024,1024,current,all,8,18.444444444444443,17.555555555555557,19.333333333333332
numeric-n1000-p1024,numeric,1000,1024,1024,direct,all,8,10.433333333333332,10.266666666666667,11.333333333333334
numeric-n1000-p1024,numeric,1000,1024,1024,current,datasig,8,86.5,81.0,88.0
numeric-n1000-p1024,numeric,1000,1024,1024,direct,datasig,8,75.25,75.0,78.25
strl_low-n10000-p32,strl_low,10000,32,32,current,fraction,8,83.0,82.5,88.5
strl_low-n10000-p32,strl_low,10000,32,32,direct,fraction,8,82.0,82.0,88.0
strl_low-n10000-p32,strl_low,10000,32,2,current,known5_fraction,8,9.633333333333333,9.566666666666666,10.1
strl_low-n10000-p32,strl_low,10000,32,2,direct,known5_fraction,8,9.466666666666667,9.399999999999999,10.033333333333333
strl_low-n10000-p32,strl_low,10000,32,32,current,all,8,83.0,82.5,87.0
strl_low-n10000-p32,strl_low,10000,32,32,direct,all,8,82.5,82.0,86.5
strl_low-n10000-p32,strl_low,10000,32,32,current,datasig,8,152.0,152.0,161.0
strl_low-n10000-p32,strl_low,10000,32,32,direct,datasig,8,152.0,151.0,160.0
strl_high-n10000-p32,strl_high,10000,32,32,current,fraction,8,196.0,192.0,213.0
strl_high-n10000-p32,strl_high,10000,32,32,direct,fraction,8,197.0,190.0,210.0
strl_high-n10000-p32,strl_high,10000,32,2,current,known5_fraction,8,55.16666666666667,53.333333333333336,58.666666666666664
strl_high-n10000-p32,strl_high,10000,32,2,direct,known5_fraction,8,54.33333333333333,53.0,58.33333333333333
strl_high-n10000-p32,strl_high,10000,32,32,current,all,8,293.5,291.0,309.0
strl_high-n10000-p32,strl_high,10000,32,32,direct,all,8,292.0,290.0,307.0
strl_high-n10000-p32,strl_high,10000,32,32,current,datasig,8,261.0,260.0,309.0
strl_high-n10000-p32,strl_high,10000,32,32,direct,datasig,8,260.0,259.0,308.0
