kind,rows,columns,operation,baseline_ms,candidate_ms,ratio,delta_ms,baseline_bytes,candidate_bytes,allocation_ratio
double,100000,16,bracket_half,17.0093829983671,0.993511999695329,0.05840964365319459,-16.015870998671772,154466816.0,7650968.0,0.04953146700453773
double,100000,16,bracket_all,30.0817409988667,1.63180000163266,0.054245530592598894,-28.44994099723404,270466816.0,15250968.0,0.056387575472474964
double,100000,16,slice_helper,0.790849000622984,0.640993999695638,0.8105137632983045,-0.14985500092734605,7442560.0,6642360.0,0.8924832315762319
double,100000,16,row_hook,14.9419990011666,0.662806000036653,0.04435858950230851,-14.279193001129947,140865848.0,6642360.0,0.04715379983372549
double,100000,16,safe_delegation,15.518828000495,15.7622860024276,1.0156879116080695,0.24345800193260025,154466816.0,154466256.0,0.9999963746258614
double,100000,16,gather_only,0.409713000408374,0.367195996659575,0.8962273501050224,-0.04251700374879902,6601904.0,6601904.0,1.0
double,1000000,16,bracket_half,152.683139000146,5.9942410007352,0.03925935135987391,-146.6888979994108,1544066816.0,76050968.0,0.04925367685642951
double,1000000,16,bracket_all,299.970882999332,10.8841469991603,0.03628401160250123,-289.0867360001717,2704066816.0,152050968.0,0.056230477405481386
double,1000000,16,slice_helper,4.47961899772054,3.28340299893171,0.7329647902204347,-1.1962159987888303,74042560.0,66042360.0,0.8919513317745902
double,1000000,16,row_hook,131.940131999727,3.64695000098436,0.027640945523625112,-128.29318199874263,1408065848.0,66042360.0,0.04690289171760382
double,1000000,16,safe_delegation,138.546625999879,139.252728000429,1.0050964936565874,0.7061020005499756,1544066816.0,1544066256.0,0.9999996373213943
double,1000000,16,gather_only,2.85040200105868,2.80132499756292,0.982782427363743,-0.04907700349576016,66001904.0,66001904.0,1.0
compact_int,100000,16,bracket_half,6.78185099968687,0.986500999715645,0.1454619099949547,-5.795349999971225,2441984.0,2850968.0,1.1674802128105672
compact_int,100000,16,bracket_all,11.8713039992144,1.43278600080521,0.12069322804807514,-10.43851799840919,4841984.0,5650968.0,1.1670769667970815
compact_int,100000,16,slice_helper,0.742181997338776,0.587940001423704,0.79217766468584,-0.15424199591507204,2642560.0,1842360.0,0.697187575684185
compact_int,100000,16,row_hook,5.09396300185472,0.637304001429584,0.12510966436103688,-4.4566590004251365,1641784.0,1842360.0,1.1221695424002183
compact_int,100000,16,safe_delegation,6.69001099959132,6.57049599976745,0.98213530593131,-0.1195149998238696,2441984.0,2441424.0,0.9997706782681622
compact_int,100000,16,gather_only,0.398314998165006,0.348664001649013,0.8753474090990052,-0.04965099651599297,1801904.0,1801904.0,1.0
compact_int,1000000,16,bracket_half,54.1462809997029,5.92158899962669,0.10936280184523071,-48.22469200007621,24041984.0,28050968.0,1.16674929989139
compact_int,1000000,16,bracket_all,107.262641999114,10.0677139998879,0.0938603954951162,-97.1949279992261,48041984.0,56050968.0,1.1667080193857107
compact_int,1000000,16,slice_helper,3.9190259994939,2.79558499823906,0.7133366807467161,-1.12344100125484,26042560.0,18042360.0,0.692802858090756
compact_int,1000000,16,row_hook,40.5753220002225,3.02780900165089,0.07462193403257002,-37.54751299857161,16041784.0,18042360.0,1.1247103190019265
compact_int,1000000,16,safe_delegation,55.5361810002069,53.7621110015607,0.9680555996704275,-1.7740699986462047,24041984.0,24041424.0,0.9999767074131652
compact_int,1000000,16,gather_only,2.38058299873956,2.34413400175981,0.9846890459189835,-0.036448996979749904,18001904.0,18001904.0,1.0
string,100000,16,bracket_half,18.8662729997304,14.2078940007195,0.7530843002707812,-4.658378999010898,52045824.0,39452904.0,0.7580416826525794
string,100000,16,bracket_all,24.6495280007366,22.2200320022239,0.9014384373428935,-2.4294959985126994,65645824.0,53252904.0,0.8112154095285634
string,100000,16,slice_helper,14.3522960024711,14.6253149978293,1.0190226703317151,0.27301899535819985,39244496.0,38444296.0,0.9796098795612002
string,100000,16,row_hook,14.5785339991562,14.4821840003715,0.9933909679265229,-0.09634999878469941,38444856.0,38444296.0,0.9999854336819469
string,100000,16,safe_delegation,19.333591000759,18.8103489999776,0.9729361192775382,-0.5232420007814014,52045824.0,52045264.0,0.9999892402510526
string,100000,16,gather_only,9.49810100064497,9.62265899943304,1.013113989710113,0.12455799878807028,32002304.0,32002304.0,1.0
string,1000000,16,bracket_half,188.326981002319,145.164312998531,0.7708099616206532,-43.16266800378801,520045824.0,394052904.0,0.7577272728950901
string,1000000,16,bracket_all,274.669455000549,214.24377799849,0.7800058364628195,-60.42567700205902,656045824.0,532052904.0,0.8109996048080934
string,1000000,16,slice_helper,141.277759001241,134.945677997166,0.9551799161535441,-6.3320810040750075,392044496.0,384044296.0,0.9795936428603758
string,1000000,16,row_hook,139.30754499961,132.153209000535,0.9486435856787584,-7.154335999074988,384044856.0,384044296.0,0.9999985418369983
string,1000000,16,safe_delegation,182.875620997947,176.320663998922,0.9641562010110762,-6.554956999025023,520045824.0,520045264.0,0.9999989231718165
string,1000000,16,gather_only,99.8107279992837,95.8561959996587,0.9603796898500391,-3.9545319996250043,320002304.0,320002304.0,1.0
mixed,100000,16,bracket_half,10.6568429982872,4.55386999965413,0.4273188598524011,-6.10297299863307,54049344.0,13651224.0,0.2525696519091888
mixed,100000,16,bracket_all,17.7286049984104,6.57504700211575,0.37087221485871497,-11.153557996294651,88849344.0,20851224.0,0.2346806747385777
mixed,100000,16,slice_helper,4.30729599975166,4.21205299790017,0.9778879831205051,-0.0952430018514896,13442816.0,12642616.0,0.9404737816838377
mixed,100000,16,row_hook,8.56625300002634,4.16924900127924,0.4867062648355611,-4.3970039987471,46848760.0,12642616.0,0.269860205478224
mixed,100000,16,safe_delegation,10.1267949976318,10.1620140012528,1.0034778035527763,0.035219003621000056,54049344.0,54048784.0,0.9999896390971924
mixed,100000,16,gather_only,2.94863800081657,2.79484699785826,0.9478433761907293,-0.1537910029583096,11001776.0,11001776.0,1.0
mixed,1000000,16,bracket_half,101.577704997908,41.9107740017353,0.4125981582533141,-59.6669309961727,540049344.0,136051224.0,0.2519236908840686
mixed,1000000,16,bracket_all,190.114991000883,65.7209499986493,0.3456905194727335,-124.3940410022337,888049344.0,208051224.0,0.2342789006102796
mixed,1000000,16,slice_helper,37.9286900024454,36.4341579988832,0.9605962662178461,-1.494532003562199,134042816.0,126042616.0,0.9403160852723357
mixed,1000000,16,row_hook,78.407867000351,37.0714619966748,0.4728028374564614,-41.336405003676205,468048760.0,126042616.0,0.26929377187111875
mixed,1000000,16,safe_delegation,95.432747999439,94.6328790014377,0.9916185060708301,-0.7998689980013012,540049344.0,540048784.0,0.9999989630577164
mixed,1000000,16,gather_only,26.8251929992402,25.1766239998688,0.9385440022959725,-1.6485689993714026,110001776.0,110001776.0,1.0
dict_string,100000,32,bracket_half,33.9038430029177,30.9781649993965,0.9137065965274374,-2.9256780035211953,32851792.0,33066768.0,1.0065438135003413
dict_string,100000,32,bracket_all,65.9516980012995,60.2615539974067,0.9137225548949371,-5.690144003892804,65651792.0,66066768.0,1.0063208632599092
dict_string,100000,32,slice_helper,30.7020709988137,30.6751339994662,0.9991226324977055,-0.02693699934749816,32852768.0,32056336.0,0.9757575373861953
dict_string,100000,32,row_hook,30.1261029999296,30.223682999349,1.0032390515102343,0.09757999941939843,32051592.0,32056336.0,1.000148011368671
dict_string,100000,32,safe_delegation,34.0144609981508,33.634350002103,0.9888250178043841,-0.3801109960478044,32851792.0,32850880.0,0.9999722389573147
dict_string,100000,32,gather_only,5.55107200125349,5.54352800099878,0.9986409831735191,-0.007544000254710248,6405552.0,6404760.0,0.9998763572600768
logical,100000,32,bracket_half,1.92347399934079,1.13397799941595,0.5895468302688703,-0.7894959999248401,13648720.0,7462160.0,0.5467296567004085
logical,100000,32,bracket_all,3.30033600039314,1.86181000026409,0.5641274100704622,-1.4385260001290499,27248720.0,14862160.0,0.5454259869821408
logical,100000,32,slice_helper,0.890971001354046,0.805404000857379,0.9039620814071083,-0.0855670004966671,7248160.0,6451728.0,0.8901194234122867
logical,100000,32,row_hook,1.08358900251915,0.845337999635376,0.7801278876678491,-0.23825100288377388,12848520.0,6451728.0,0.502137833773851
logical,100000,32,safe_delegation,1.91240400090464,1.85119100206066,0.9679915965376438,-0.061212998843980015,13648720.0,13647808.0,0.9999331805473334
logical,100000,32,gather_only,0.559691001399187,0.547472998732701,0.978170092719122,-0.012218002666485983,6405552.0,6404760.0,0.9998763572600768
factor,100000,32,bracket_half,1.97177200243459,1.14291600038996,0.5796390246837752,-0.8288560020446298,13648720.0,7462160.0,0.5467296567004085
factor,100000,32,bracket_all,3.79438600066351,1.85615200098255,0.48918375744006326,-1.9382339996809599,27248720.0,14862160.0,0.5454259869821408
factor,100000,32,slice_helper,0.914218002435518,0.831069999549072,0.909050136110932,-0.08314800288644597,7248160.0,6451728.0,0.8901194234122867
factor,100000,32,row_hook,1.08506499964278,0.864607998664724,0.7968259956310141,-0.22045700097805587,12848520.0,6451728.0,0.502137833773851
factor,100000,32,safe_delegation,1.95447000078275,1.89260100160027,0.9683448714190026,-0.06186899918248012,13648720.0,13647808.0,0.9999331805473334
factor,100000,32,gather_only,0.566619997698581,0.555509002879262,0.9803907471242665,-0.011110994819318987,6405552.0,6404760.0,0.9998763572600768
double,100,1000,bracket_half,87.2737070021685,5.16362199778087,0.059165837858274645,-82.11008500438764,11397840.0,813056.0,0.07133421771142602
double,100,1000,bracket_all,89.6868029994948,5.20306399994297,0.05801370799193588,-84.48373899955183,18598640.0,1214256.0,0.06528735434418861
double,100,1000,slice_helper,5.38903999768081,5.11151099999552,0.9485012176928125,-0.27752899768529016,731576.0,803448.0,1.0982426979561932
double,100,1000,row_hook,77.9118899990863,5.16952600082732,0.06635092539646958,-72.74236399825898,10556888.0,803448.0,0.07610651926969388
double,100,1000,safe_delegation,88.67713699874,83.7295029996312,0.944206205042692,-4.9476339991088025,11397840.0,11326432.0,0.9937349532893952
double,100,1000,gather_only,2.6419169989822,1.04324499989161,0.3948818226664656,-1.5986719990905898,629480.0,597056.0,0.9484908178178815
compact_int,100,1000,bracket_half,78.8095850002719,5.37977400017553,0.06826294035372689,-73.42981100009636,197840.0,365056.0,1.8452082490901738
compact_int,100,1000,bracket_all,82.6756800015573,5.27337899984559,0.0637839204920511,-77.4023010017117,446640.0,614256.0,1.3752821063944116
compact_int,100,1000,slice_helper,5.61913199999253,5.39195099918288,0.9595700900406056,-0.22718100080964998,283576.0,355448.0,1.2534488109007815
compact_int,100,1000,row_hook,70.1666210006806,5.34734300163109,0.07620921351733928,-64.81927799904952,204888.0,355448.0,1.7348404982234196
compact_int,100,1000,safe_delegation,85.7427670016477,74.4018799996411,0.8677336013451878,-11.34088700200661,197840.0,126432.0,0.6390618681763041
compact_int,100,1000,gather_only,2.82613000308629,1.22319400179549,0.4328159003512559,-1.6029360012907998,181480.0,149056.0,0.8213356843729337
grouped_double,10000,17,grouped_bracket,5.34972100285813,4.18638699920848,0.7825430516791193,-1.1633340036496502,20282488.0,5052888.0,0.24912564967374812
grouped_double,10000,17,grouped_hook,5.40170900058001,5.01315200017416,0.9280677651528195,-0.38855700040585006,18753360.0,4849560.0,0.2585968594427879
grouped_double,10000,17,grouped_reconstruct,2.84121799995773,3.96605300193187,1.395898872241016,1.12483500197414,5257256.0,4927640.0,0.9373026537037572
grouped_double,10000,17,group_validation,2.63261000145576,2.05856899992796,0.7819498515882067,-0.5740410015277999,6882896.0,2536328.0,0.3684972139634247
grouped_double,10000,17,grouped_filter,55.6398700027785,51.2003900003037,0.9202104533627935,-4.439480002474802,19015440.0,18111544.0,0.9524651546322357
grouped_double,10000,17,grouped_mutate,47.2779610026919,43.5673790016153,0.9215156084911249,-3.7105820010766024,8472856.0,6662336.0,0.7863152637080106
grouped_double,100000,17,grouped_bracket,32.5403879978694,9.9205649967189,0.30486929035291327,-22.6198230011505,201136488.0,46136888.0,0.22938099625165972
grouped_double,100000,17,grouped_hook,30.0675140024396,10.0381940028456,0.33385513687733304,-20.029319999594,185261112.0,43647312.0,0.23559888812499408
grouped_double,100000,17,grouped_reconstruct,8.64366099995095,8.92209200173966,1.0322121612347235,0.27843100178871083,51111256.0,44931640.0,0.8790948123051407
grouped_double,100000,17,group_validation,11.1664319992997,5.31331300226157,0.4758290743717235,-5.85311899703813,68172896.0,23146328.0,0.33952390697910206
grouped_double,100000,17,grouped_filter,82.3614149994683,70.984899000905,0.8618708044460293,-11.376515998563292,203587192.0,192648296.0,0.9462692328896604
grouped_double,100000,17,grouped_mutate,59.3030149975675,54.3200799984334,0.9159750140977067,-4.982934999134102,98450856.0,76570336.0,0.7777518562154503
grouped_double,1000000,17,grouped_bracket,208.78872799949,62.5948640008573,0.29980001602869194,-146.1938639986327,2006036488.0,453336888.0,0.22598636201875508
grouped_double,1000000,17,grouped_hook,198.911745999794,59.4436859973939,0.2988445237289077,-139.46806000240008,1848981128.0,430267328.0,0.23270509443512286
grouped_double,1000000,17,grouped_reconstruct,54.4192180022947,56.5071019991592,1.0383666666576588,2.087883996864498,506011256.0,441331640.0,0.8721775153555082
grouped_double,1000000,17,group_validation,88.9265400001022,32.9322249999677,0.37033066843632795,-55.99431500013449,681072896.0,229246328.0,0.3365958759280886
grouped_double,1000000,17,grouped_filter,273.64072400087,251.661730999331,0.9196793785654904,-21.97899300153901,2018507208.0,1907218312.0,0.9448657425849529
grouped_double,1000000,17,grouped_mutate,161.186621000525,133.265948999906,0.826780462129496,-27.92067200061902,970550856.0,747970336.0,0.7706657836382352
