obs,g,x,y,selected,s,mean_x,min_x,max_x,total_x,total_missing,row_max,row_total,row_total_missing,selected_total,observed,any_observed,group_id,group_missing,tag,tag_missing,tag_selected,group_label,rounded_total,ordered_min
1,2,3,,1,b,6,3,9,12,12,3,3,3,3,2,1,3,3,1,1,1,3,12,3
2,1,,.a,1,a,,,,0,,.a,0,,0,0,0,1,1,1,1,1,1,0,
3,2,9,2,0,b,6,3,9,12,12,9,11,11,,2,1,3,3,0,0,0,3,12,3
4,1,.a,,0,a,,,,0,,,0,,,0,0,1,1,0,0,0,1,0,
5,3,16777217,-1,1,é,8388609.5,2,16777217,16777219,16777219,16777217,16777216,16777216,16777219,2,1,4,4,1,1,1,4,16777220,2
6,3,2,,1,é,8388609.5,2,16777217,16777219,16777219,2,2,2,16777219,2,1,4,4,0,0,0,4,16777220,2
7,,4,5,1,,4,4,4,4,4,5,9,9,4,1,1,,5,0,1,0,,4,4
8,.a,8,,1,z,8,8,8,8,8,8,8,8,8,1,1,,6,0,1,0,,8,8
9,2,.z,7,1,a,6,3,9,12,12,7,7,7,3,2,1,2,2,1,1,1,2,12,3
